{"blueprint":"","environment":"flywheel","phpVersion":"7.2.9","mysqlVersion":"5.7","webServer":"nginx","devMode":true,"multiSite":"no","name":"carro","path":"C:\\Users\\FRONTWEBI\\Local Sites\\carro","domain":"carro.local","id":"-VbPyTK1q","localVersion":"3.3.0","container":"ae194e71f5346d6d4dc903107655fb4573fea71e550edb5026a9e2db72a3d544","mysql":{"database":"local","user":"root","password":"root"},"ports":{"HTTP":4000,"HTTPS":4001,"MYSQL":4002,"MAILCATCHER":4003},"workspace":null,"environmentVersion":"1.3.2","sslSHA1":"933f05c4e010591c34f86adcbde7f763350f4e91"}